"country_name","genres","n"
"Argentina","Action",128
"Argentina","Adventure",103
"Argentina","Animation",56
"Argentina","Biography",10
"Argentina","Comedy",175
"Argentina","Crime",139
"Argentina","Documentary",12
"Argentina","Drama",360
"Argentina","Family",14
"Argentina","Fantasy",34
"Argentina","History",5
"Argentina","Horror",33
"Argentina","Music",35
"Argentina","Musical",2
"Argentina","Mystery",55
"Argentina","Romance",102
"Argentina","Sci-Fi",10
"Argentina","Sport",6
"Argentina","Thriller",90
"Argentina","War",3
"Argentina","Western",6
"Australia","Action",181
"Australia","Adult",1
"Australia","Adventure",131
"Australia","Animation",51
"Australia","Biography",15
"Australia","Comedy",176
"Australia","Crime",135
"Australia","Documentary",32
"Australia","Drama",296
"Australia","Family",43
"Australia","Fantasy",58
"Australia","Game-Show",9
"Australia","History",5
"Australia","Horror",31
"Australia","Music",3
"Australia","Musical",1
"Australia","Mystery",51
"Australia","Reality-TV",24
"Australia","Romance",71
"Australia","Sci-Fi",52
"Australia","Sport",13
"Australia","Talk-Show",3
"Australia","Thriller",58
"Australia","War",7
"Australia","Western",7
"Austria","Action",191
"Austria","Adult",2
"Austria","Adventure",140
"Austria","Animation",35
"Austria","Biography",16
"Austria","Comedy",185
"Austria","Crime",156
"Austria","Documentary",22
"Austria","Drama",310
"Austria","Family",47
"Austria","Fantasy",68
"Austria","Game-Show",7
"Austria","History",4
"Austria","Horror",36
"Austria","Music",2
"Austria","Mystery",58
"Austria","Reality-TV",10
"Austria","Romance",84
"Austria","Sci-Fi",27
"Austria","Sport",14
"Austria","Talk-Show",1
"Austria","Thriller",78
"Austria","War",3
"Austria","Western",7
"Bahamas","Action",179
"Bahamas","Adventure",104
"Bahamas","Animation",76
"Bahamas","Biography",11
"Bahamas","Comedy",181
"Bahamas","Crime",147
"Bahamas","Documentary",8
"Bahamas","Drama",286
"Bahamas","Family",47
"Bahamas","Fantasy",42
"Bahamas","Game-Show",4
"Bahamas","Horror",29
"Bahamas","Music",4
"Bahamas","Musical",1
"Bahamas","Mystery",40
"Bahamas","Reality-TV",9
"Bahamas","Romance",65
"Bahamas","Sci-Fi",22
"Bahamas","Sport",4
"Bahamas","Talk-Show",2
"Bahamas","Thriller",105
"Bahamas","War",4
"Bahamas","Western",7
"Bahrain","Action",199
"Bahrain","Adventure",114
"Bahrain","Animation",33
"Bahrain","Biography",18
"Bahrain","Comedy",165
"Bahrain","Crime",132
"Bahrain","Documentary",10
"Bahrain","Drama",321
"Bahrain","Family",19
"Bahrain","Fantasy",54
"Bahrain","Game-Show",11
"Bahrain","History",3
"Bahrain","Horror",36
"Bahrain","Music",1
"Bahrain","Musical",2
"Bahrain","Mystery",51
"Bahrain","Reality-TV",14
"Bahrain","Romance",85
"Bahrain","Sci-Fi",22
"Bahrain","Sport",5
"Bahrain","Thriller",82
"Bahrain","War",2
"Bahrain","Western",8
"Bangladesh","Action",218
"Bangladesh","Adventure",92
"Bangladesh","Animation",28
"Bangladesh","Biography",6
"Bangladesh","Comedy",180
"Bangladesh","Crime",164
"Bangladesh","Documentary",6
"Bangladesh","Drama",367
"Bangladesh","Family",13
"Bangladesh","Fantasy",38
"Bangladesh","Game-Show",4
"Bangladesh","History",2
"Bangladesh","Horror",30
"Bangladesh","Musical",5
"Bangladesh","Mystery",89
"Bangladesh","Reality-TV",2
"Bangladesh","Romance",102
"Bangladesh","Sci-Fi",40
"Bangladesh","Sport",1
"Bangladesh","Thriller",72
"Bangladesh","War",2
"Bangladesh","Western",3
"Belgium","Action",195
"Belgium","Adventure",137
"Belgium","Animation",54
"Belgium","Biography",15
"Belgium","Comedy",189
"Belgium","Crime",133
"Belgium","Documentary",12
"Belgium","Drama",315
"Belgium","Family",24
"Belgium","Fantasy",67
"Belgium","Game-Show",6
"Belgium","History",2
"Belgium","Horror",30
"Belgium","Music",8
"Belgium","Mystery",48
"Belgium","Reality-TV",9
"Belgium","Romance",82
"Belgium","Sci-Fi",32
"Belgium","Sport",9
"Belgium","Thriller",67
"Belgium","War",4
"Belgium","Western",8
"Bolivia","Action",155
"Bolivia","Adventure",140
"Bolivia","Animation",98
"Bolivia","Biography",3
"Bolivia","Comedy",224
"Bolivia","Crime",90
"Bolivia","Documentary",9
"Bolivia","Drama",266
"Bolivia","Family",14
"Bolivia","Fantasy",41
"Bolivia","History",1
"Bolivia","Horror",25
"Bolivia","Music",18
"Bolivia","Mystery",41
"Bolivia","Reality-TV",3
"Bolivia","Romance",111
"Bolivia","Sci-Fi",21
"Bolivia","Sport",2
"Bolivia","Thriller",57
"Bolivia","War",2
"Bolivia","Western",4
"Brazil","Action",159
"Brazil","Adult",1
"Brazil","Adventure",188
"Brazil","Animation",72
"Brazil","Biography",9
"Brazil","Comedy",178
"Brazil","Crime",118
"Brazil","Documentary",13
"Brazil","Drama",267
"Brazil","Family",74
"Brazil","Fantasy",40
"Brazil","Game-Show",4
"Brazil","History",2
"Brazil","Horror",25
"Brazil","Music",40
"Brazil","Musical",24
"Brazil","Mystery",40
"Brazil","Reality-TV",11
"Brazil","Romance",117
"Brazil","Sci-Fi",19
"Brazil","Sport",3
"Brazil","Thriller",62
"Brazil","War",2
"Brazil","Western",6
"Bulgaria","Action",214
"Bulgaria","Adventure",128
"Bulgaria","Animation",49
"Bulgaria","Biography",14
"Bulgaria","Comedy",185
"Bulgaria","Crime",123
"Bulgaria","Documentary",17
"Bulgaria","Drama",316
"Bulgaria","Family",28
"Bulgaria","Fantasy",55
"Bulgaria","Game-Show",10
"Bulgaria","History",4
"Bulgaria","Horror",32
"Bulgaria","Music",3
"Bulgaria","Musical",1
"Bulgaria","Mystery",42
"Bulgaria","Reality-TV",14
"Bulgaria","Romance",99
"Bulgaria","Sci-Fi",38
"Bulgaria","Sport",8
"Bulgaria","Talk-Show",1
"Bulgaria","Thriller",61
"Bulgaria","War",3
"Bulgaria","Western",10
"Canada","Action",172
"Canada","Adult",2
"Canada","Adventure",105
"Canada","Animation",54
"Canada","Biography",20
"Canada","Comedy",184
"Canada","Crime",146
"Canada","Documentary",26
"Canada","Drama",289
"Canada","Family",25
"Canada","Fantasy",41
"Canada","Game-Show",8
"Canada","History",4
"Canada","Horror",33
"Canada","Music",2
"Canada","Mystery",54
"Canada","Reality-TV",22
"Canada","Romance",76
"Canada","Sci-Fi",31
"Canada","Sport",7
"Canada","Talk-Show",2
"Canada","Thriller",76
"Canada","War",5
"Canada","Western",7
"Chile","Action",127
"Chile","Adult",1
"Chile","Adventure",122
"Chile","Animation",74
"Chile","Biography",6
"Chile","Comedy",205
"Chile","Crime",103
"Chile","Documentary",9
"Chile","Drama",328
"Chile","Family",17
"Chile","Fantasy",37
"Chile","History",4
"Chile","Horror",28
"Chile","Music",34
"Chile","Musical",1
"Chile","Mystery",40
"Chile","Reality-TV",2
"Chile","Romance",124
"Chile","Sci-Fi",15
"Chile","Sport",4
"Chile","Thriller",68
"Chile","War",3
"Chile","Western",5
"Colombia","Action",138
"Colombia","Adult",1
"Colombia","Adventure",108
"Colombia","Animation",61
"Colombia","Biography",8
"Colombia","Comedy",197
"Colombia","Crime",111
"Colombia","Documentary",26
"Colombia","Drama",279
"Colombia","Family",15
"Colombia","Fantasy",40
"Colombia","History",2
"Colombia","Horror",28
"Colombia","Music",15
"Colombia","Musical",5
"Colombia","Mystery",42
"Colombia","Reality-TV",3
"Colombia","Romance",113
"Colombia","Sci-Fi",14
"Colombia","Sport",3
"Colombia","Thriller",80
"Colombia","War",2
"Colombia","Western",6
"Costa Rica","Action",116
"Costa Rica","Adult",1
"Costa Rica","Adventure",96
"Costa Rica","Animation",61
"Costa Rica","Biography",8
"Costa Rica","Comedy",210
"Costa Rica","Crime",100
"Costa Rica","Documentary",12
"Costa Rica","Drama",317
"Costa Rica","Family",21
"Costa Rica","Fantasy",36
"Costa Rica","Game-Show",1
"Costa Rica","History",2
"Costa Rica","Horror",29
"Costa Rica","Music",31
"Costa Rica","Musical",1
"Costa Rica","Mystery",38
"Costa Rica","Reality-TV",4
"Costa Rica","Romance",132
"Costa Rica","Sci-Fi",14
"Costa Rica","Sport",5
"Costa Rica","Thriller",76
"Costa Rica","War",2
"Costa Rica","Western",5
"Croatia","Action",171
"Croatia","Adventure",115
"Croatia","Animation",53
"Croatia","Biography",11
"Croatia","Comedy",199
"Croatia","Crime",128
"Croatia","Documentary",20
"Croatia","Drama",302
"Croatia","Family",27
"Croatia","Fantasy",39
"Croatia","Game-Show",11
"Croatia","History",5
"Croatia","Horror",26
"Croatia","Music",3
"Croatia","Musical",1
"Croatia","Mystery",43
"Croatia","Reality-TV",14
"Croatia","Romance",96
"Croatia","Sci-Fi",15
"Croatia","Sport",11
"Croatia","Thriller",66
"Croatia","War",4
"Croatia","Western",13
"Cyprus","Action",195
"Cyprus","Adventure",126
"Cyprus","Animation",47
"Cyprus","Biography",12
"Cyprus","Comedy",190
"Cyprus","Crime",131
"Cyprus","Documentary",13
"Cyprus","Drama",340
"Cyprus","Family",30
"Cyprus","Fantasy",44
"Cyprus","Game-Show",8
"Cyprus","History",2
"Cyprus","Horror",24
"Cyprus","Music",2
"Cyprus","Musical",1
"Cyprus","Mystery",49
"Cyprus","Reality-TV",12
"Cyprus","Romance",91
"Cyprus","Sci-Fi",41
"Cyprus","Sport",6
"Cyprus","Thriller",59
"Cyprus","War",5
"Cyprus","Western",7
"Czech Republic","Action",191
"Czech Republic","Adventure",150
"Czech Republic","Animation",83
"Czech Republic","Biography",16
"Czech Republic","Comedy",188
"Czech Republic","Crime",128
"Czech Republic","Documentary",28
"Czech Republic","Drama",300
"Czech Republic","Family",27
"Czech Republic","Fantasy",60
"Czech Republic","Game-Show",12
"Czech Republic","History",5
"Czech Republic","Horror",34
"Czech Republic","Music",2
"Czech Republic","Mystery",50
"Czech Republic","Reality-TV",16
"Czech Republic","Romance",81
"Czech Republic","Sci-Fi",12
"Czech Republic","Sport",9
"Czech Republic","Thriller",48
"Czech Republic","War",3
"Czech Republic","Western",8
"Denmark","Action",183
"Denmark","Adult",1
"Denmark","Adventure",121
"Denmark","Animation",56
"Denmark","Biography",18
"Denmark","Comedy",179
"Denmark","Crime",154
"Denmark","Documentary",21
"Denmark","Drama",318
"Denmark","Family",26
"Denmark","Fantasy",54
"Denmark","Game-Show",10
"Denmark","History",4
"Denmark","Horror",26
"Denmark","Music",3
"Denmark","Musical",1
"Denmark","Mystery",54
"Denmark","Reality-TV",21
"Denmark","Romance",79
"Denmark","Sci-Fi",23
"Denmark","Sport",10
"Denmark","Talk-Show",2
"Denmark","Thriller",65
"Denmark","War",11
"Denmark","Western",13
"Dominican Republic","Action",173
"Dominican Republic","Adult",1
"Dominican Republic","Adventure",108
"Dominican Republic","Animation",51
"Dominican Republic","Biography",6
"Dominican Republic","Comedy",157
"Dominican Republic","Crime",123
"Dominican Republic","Documentary",11
"Dominican Republic","Drama",277
"Dominican Republic","Family",18
"Dominican Republic","Fantasy",45
"Dominican Republic","Game-Show",2
"Dominican Republic","History",2
"Dominican Republic","Horror",28
"Dominican Republic","Music",31
"Dominican Republic","Musical",3
"Dominican Republic","Mystery",38
"Dominican Republic","Reality-TV",3
"Dominican Republic","Romance",79
"Dominican Republic","Sci-Fi",20
"Dominican Republic","Sport",4
"Dominican Republic","Thriller",76
"Dominican Republic","War",4
"Dominican Republic","Western",6
"Ecuador","Action",145
"Ecuador","Adult",1
"Ecuador","Adventure",120
"Ecuador","Animation",70
"Ecuador","Biography",3
"Ecuador","Comedy",206
"Ecuador","Crime",91
"Ecuador","Documentary",9
"Ecuador","Drama",262
"Ecuador","Family",15
"Ecuador","Fantasy",38
"Ecuador","History",1
"Ecuador","Horror",25
"Ecuador","Music",30
"Ecuador","Musical",1
"Ecuador","Mystery",35
"Ecuador","Reality-TV",3
"Ecuador","Romance",105
"Ecuador","Sci-Fi",19
"Ecuador","Sport",3
"Ecuador","Thriller",71
"Ecuador","War",2
"Ecuador","Western",3
"Egypt","Action",189
"Egypt","Adventure",112
"Egypt","Animation",32
"Egypt","Biography",15
"Egypt","Comedy",186
"Egypt","Crime",121
"Egypt","Documentary",9
"Egypt","Drama",342
"Egypt","Family",18
"Egypt","Fantasy",51
"Egypt","Game-Show",4
"Egypt","History",6
"Egypt","Horror",35
"Egypt","Music",1
"Egypt","Musical",1
"Egypt","Mystery",48
"Egypt","Reality-TV",6
"Egypt","Romance",86
"Egypt","Sci-Fi",29
"Egypt","Sport",1
"Egypt","Thriller",73
"Egypt","War",3
"Egypt","Western",8
"El Salvador","Action",134
"El Salvador","Adult",1
"El Salvador","Adventure",108
"El Salvador","Animation",65
"El Salvador","Biography",3
"El Salvador","Comedy",196
"El Salvador","Crime",106
"El Salvador","Documentary",10
"El Salvador","Drama",280
"El Salvador","Family",16
"El Salvador","Fantasy",39
"El Salvador","History",1
"El Salvador","Horror",22
"El Salvador","Music",29
"El Salvador","Mystery",36
"El Salvador","Reality-TV",2
"El Salvador","Romance",108
"El Salvador","Sci-Fi",18
"El Salvador","Sport",4
"El Salvador","Thriller",70
"El Salvador","War",2
"El Salvador","Western",3
"Estonia","Action",183
"Estonia","Adventure",129
"Estonia","Animation",52
"Estonia","Biography",17
"Estonia","Comedy",208
"Estonia","Crime",123
"Estonia","Documentary",16
"Estonia","Drama",286
"Estonia","Family",29
"Estonia","Fantasy",61
"Estonia","Game-Show",8
"Estonia","History",2
"Estonia","Horror",30
"Estonia","Music",5
"Estonia","Mystery",55
"Estonia","Reality-TV",15
"Estonia","Romance",77
"Estonia","Sci-Fi",61
"Estonia","Sport",7
"Estonia","Talk-Show",1
"Estonia","Thriller",51
"Estonia","War",3
"Estonia","Western",9
"Finland","Action",198
"Finland","Adult",1
"Finland","Adventure",116
"Finland","Animation",56
"Finland","Biography",15
"Finland","Comedy",173
"Finland","Crime",158
"Finland","Documentary",18
"Finland","Drama",342
"Finland","Family",25
"Finland","Fantasy",49
"Finland","Game-Show",8
"Finland","History",2
"Finland","Horror",29
"Finland","Music",5
"Finland","Mystery",54
"Finland","Reality-TV",12
"Finland","Romance",77
"Finland","Sci-Fi",31
"Finland","Sport",10
"Finland","Talk-Show",2
"Finland","Thriller",63
"Finland","War",10
"Finland","Western",9
"France","Action",203
"France","Adventure",138
"France","Animation",52
"France","Biography",10
"France","Comedy",166
"France","Crime",161
"France","Documentary",18
"France","Drama",333
"France","Family",22
"France","Fantasy",70
"France","Game-Show",3
"France","History",3
"France","Horror",41
"France","Music",20
"France","Musical",1
"France","Mystery",46
"France","Reality-TV",5
"France","Romance",73
"France","Sci-Fi",55
"France","Sport",6
"France","Thriller",80
"France","War",6
"France","Western",8
"Germany","Action",199
"Germany","Adult",4
"Germany","Adventure",167
"Germany","Animation",49
"Germany","Biography",15
"Germany","Comedy",181
"Germany","Crime",155
"Germany","Documentary",19
"Germany","Drama",306
"Germany","Family",57
"Germany","Fantasy",77
"Germany","Game-Show",5
"Germany","History",4
"Germany","Horror",40
"Germany","Music",2
"Germany","Musical",2
"Germany","Mystery",52
"Germany","Reality-TV",7
"Germany","Romance",73
"Germany","Sci-Fi",29
"Germany","Sport",10
"Germany","Talk-Show",1
"Germany","Thriller",80
"Germany","War",3
"Germany","Western",7
"Greece","Action",182
"Greece","Adventure",123
"Greece","Animation",49
"Greece","Biography",12
"Greece","Comedy",170
"Greece","Crime",147
"Greece","Documentary",13
"Greece","Drama",341
"Greece","Family",23
"Greece","Fantasy",61
"Greece","Game-Show",6
"Greece","History",4
"Greece","Horror",32
"Greece","Music",3
"Greece","Mystery",55
"Greece","Reality-TV",7
"Greece","Romance",86
"Greece","Sci-Fi",39
"Greece","Sport",6
"Greece","Talk-Show",1
"Greece","Thriller",53
"Greece","War",6
"Greece","Western",10
"Guadeloupe","Action",216
"Guadeloupe","Adventure",121
"Guadeloupe","Animation",47
"Guadeloupe","Biography",6
"Guadeloupe","Comedy",152
"Guadeloupe","Crime",158
"Guadeloupe","Documentary",12
"Guadeloupe","Drama",315
"Guadeloupe","Family",18
"Guadeloupe","Fantasy",57
"Guadeloupe","Game-Show",5
"Guadeloupe","History",3
"Guadeloupe","Horror",32
"Guadeloupe","Music",31
"Guadeloupe","Musical",3
"Guadeloupe","Mystery",41
"Guadeloupe","Reality-TV",9
"Guadeloupe","Romance",69
"Guadeloupe","Sci-Fi",45
"Guadeloupe","Sport",3
"Guadeloupe","Talk-Show",1
"Guadeloupe","Thriller",76
"Guadeloupe","War",3
"Guadeloupe","Western",10
"Guatemala","Action",117
"Guatemala","Adult",1
"Guatemala","Adventure",105
"Guatemala","Animation",64
"Guatemala","Biography",6
"Guatemala","Comedy",208
"Guatemala","Crime",99
"Guatemala","Documentary",8
"Guatemala","Drama",292
"Guatemala","Family",17
"Guatemala","Fantasy",37
"Guatemala","History",2
"Guatemala","Horror",24
"Guatemala","Music",30
"Guatemala","Musical",1
"Guatemala","Mystery",40
"Guatemala","Reality-TV",2
"Guatemala","Romance",115
"Guatemala","Sci-Fi",15
"Guatemala","Sport",3
"Guatemala","Thriller",67
"Guatemala","War",2
"Guatemala","Western",5
"Honduras","Action",130
"Honduras","Adult",1
"Honduras","Adventure",92
"Honduras","Animation",47
"Honduras","Biography",3
"Honduras","Comedy",197
"Honduras","Crime",109
"Honduras","Documentary",10
"Honduras","Drama",298
"Honduras","Family",16
"Honduras","Fantasy",36
"Honduras","History",1
"Honduras","Horror",25
"Honduras","Music",30
"Honduras","Musical",1
"Honduras","Mystery",41
"Honduras","Reality-TV",3
"Honduras","Romance",120
"Honduras","Sci-Fi",16
"Honduras","Sport",3
"Honduras","Thriller",74
"Honduras","War",2
"Honduras","Western",8
"Hong Kong","Action",238
"Hong Kong","Adventure",118
"Hong Kong","Animation",27
"Hong Kong","Biography",18
"Hong Kong","Comedy",142
"Hong Kong","Crime",120
"Hong Kong","Documentary",16
"Hong Kong","Drama",344
"Hong Kong","Family",7
"Hong Kong","Fantasy",65
"Hong Kong","Game-Show",5
"Hong Kong","History",5
"Hong Kong","Horror",45
"Hong Kong","Music",3
"Hong Kong","Musical",1
"Hong Kong","Mystery",72
"Hong Kong","News",1
"Hong Kong","Reality-TV",8
"Hong Kong","Romance",120
"Hong Kong","Sci-Fi",65
"Hong Kong","Sport",10
"Hong Kong","Thriller",83
"Hong Kong","War",5
"Hong Kong","Western",2
"Hungary","Action",184
"Hungary","Adventure",125
"Hungary","Animation",67
"Hungary","Biography",12
"Hungary","Comedy",197
"Hungary","Crime",144
"Hungary","Documentary",16
"Hungary","Drama",321
"Hungary","Family",34
"Hungary","Fantasy",55
"Hungary","Game-Show",7
"Hungary","History",5
"Hungary","Horror",36
"Hungary","Music",4
"Hungary","Musical",2
"Hungary","Mystery",48
"Hungary","Reality-TV",7
"Hungary","Romance",99
"Hungary","Sci-Fi",11
"Hungary","Sport",8
"Hungary","Thriller",55
"Hungary","War",3
"Hungary","Western",10
"Iceland","Action",179
"Iceland","Adventure",126
"Iceland","Animation",52
"Iceland","Biography",20
"Iceland","Comedy",189
"Iceland","Crime",147
"Iceland","Documentary",30
"Iceland","Drama",297
"Iceland","Family",30
"Iceland","Fantasy",36
"Iceland","Game-Show",12
"Iceland","History",3
"Iceland","Horror",21
"Iceland","Music",8
"Iceland","Mystery",48
"Iceland","Reality-TV",29
"Iceland","Romance",71
"Iceland","Sci-Fi",52
"Iceland","Sport",9
"Iceland","Talk-Show",3
"Iceland","Thriller",65
"Iceland","War",5
"Iceland","Western",7
"India","Action",256
"India","Adventure",80
"India","Animation",10
"India","Biography",4
"India","Comedy",172
"India","Crime",198
"India","Documentary",10
"India","Drama",383
"India","Family",13
"India","Fantasy",52
"India","Game-Show",6
"India","Horror",29
"India","Musical",2
"India","Mystery",67
"India","Reality-TV",4
"India","Romance",100
"India","Sci-Fi",20
"India","Sport",3
"India","Thriller",72
"India","War",4
"India","Western",2
"Indonesia","Action",190
"Indonesia","Adventure",92
"Indonesia","Animation",17
"Indonesia","Biography",14
"Indonesia","Comedy",180
"Indonesia","Crime",134
"Indonesia","Documentary",9
"Indonesia","Drama",346
"Indonesia","Family",16
"Indonesia","Fantasy",59
"Indonesia","History",11
"Indonesia","Horror",48
"Indonesia","Music",2
"Indonesia","Musical",2
"Indonesia","Mystery",73
"Indonesia","Romance",110
"Indonesia","Sci-Fi",44
"Indonesia","Sport",5
"Indonesia","Thriller",88
"Indonesia","War",3
"Indonesia","Western",3
"Ireland","Action",128
"Ireland","Adult",2
"Ireland","Adventure",129
"Ireland","Animation",68
"Ireland","Biography",35
"Ireland","Comedy",212
"Ireland","Crime",121
"Ireland","Documentary",32
"Ireland","Drama",299
"Ireland","Family",33
"Ireland","Fantasy",27
"Ireland","Film-Noir",1
"Ireland","Game-Show",5
"Ireland","History",6
"Ireland","Horror",26
"Ireland","Music",4
"Ireland","Musical",2
"Ireland","Mystery",39
"Ireland","Reality-TV",17
"Ireland","Romance",83
"Ireland","Sci-Fi",25
"Ireland","Sport",12
"Ireland","Talk-Show",1
"Ireland","Thriller",56
"Ireland","War",8
"Ireland","Western",7
"Israel","Action",181
"Israel","Adventure",116
"Israel","Animation",53
"Israel","Biography",9
"Israel","Comedy",179
"Israel","Crime",123
"Israel","Documentary",19
"Israel","Drama",329
"Israel","Family",20
"Israel","Fantasy",34
"Israel","Game-Show",12
"Israel","History",3
"Israel","Horror",18
"Israel","Music",5
"Israel","Musical",2
"Israel","Mystery",36
"Israel","Reality-TV",16
"Israel","Romance",86
"Israel","Sci-Fi",34
"Israel","Sport",10
"Israel","Talk-Show",3
"Israel","Thriller",78
"Israel","War",6
"Israel","Western",10
"Italy","Action",166
"Italy","Adult",2
"Italy","Adventure",91
"Italy","Animation",25
"Italy","Biography",13
"Italy","Comedy",174
"Italy","Crime",144
"Italy","Documentary",12
"Italy","Drama",356
"Italy","Family",21
"Italy","Fantasy",50
"Italy","Game-Show",6
"Italy","History",4
"Italy","Horror",35
"Italy","Music",7
"Italy","Mystery",67
"Italy","Reality-TV",7
"Italy","Romance",94
"Italy","Sci-Fi",37
"Italy","Sport",9
"Italy","Talk-Show",1
"Italy","Thriller",61
"Italy","War",3
"Italy","Western",9
"Jamaica","Action",213
"Jamaica","Adventure",124
"Jamaica","Animation",84
"Jamaica","Biography",7
"Jamaica","Comedy",186
"Jamaica","Crime",146
"Jamaica","Documentary",9
"Jamaica","Drama",286
"Jamaica","Family",36
"Jamaica","Fantasy",53
"Jamaica","Game-Show",4
"Jamaica","Horror",27
"Jamaica","Music",5
"Jamaica","Musical",1
"Jamaica","Mystery",36
"Jamaica","Reality-TV",8
"Jamaica","Romance",75
"Jamaica","Sci-Fi",23
"Jamaica","Sport",3
"Jamaica","Talk-Show",2
"Jamaica","Thriller",99
"Jamaica","War",3
"Jamaica","Western",9
"Japan","Action",214
"Japan","Adventure",155
"Japan","Animation",92
"Japan","Biography",9
"Japan","Comedy",157
"Japan","Crime",95
"Japan","Documentary",13
"Japan","Drama",283
"Japan","Family",14
"Japan","Fantasy",49
"Japan","History",8
"Japan","Horror",36
"Japan","Music",4
"Japan","Musical",1
"Japan","Mystery",42
"Japan","News",1
"Japan","Romance",167
"Japan","Sci-Fi",29
"Japan","Sport",4
"Japan","Thriller",66
"Japan","War",5
"Japan","Western",2
"Jordan","Action",200
"Jordan","Adventure",101
"Jordan","Animation",29
"Jordan","Biography",17
"Jordan","Comedy",238
"Jordan","Crime",125
"Jordan","Documentary",9
"Jordan","Drama",374
"Jordan","Family",16
"Jordan","Fantasy",47
"Jordan","Game-Show",5
"Jordan","History",3
"Jordan","Horror",32
"Jordan","Musical",2
"Jordan","Mystery",42
"Jordan","Reality-TV",7
"Jordan","Romance",79
"Jordan","Sci-Fi",27
"Jordan","Sport",3
"Jordan","Thriller",68
"Jordan","War",3
"Jordan","Western",10
"Kenya","Action",193
"Kenya","Adult",3
"Kenya","Adventure",89
"Kenya","Animation",25
"Kenya","Biography",11
"Kenya","Comedy",187
"Kenya","Crime",131
"Kenya","Documentary",17
"Kenya","Drama",334
"Kenya","Family",17
"Kenya","Fantasy",42
"Kenya","Game-Show",11
"Kenya","History",3
"Kenya","Horror",24
"Kenya","Music",2
"Kenya","Musical",2
"Kenya","Mystery",51
"Kenya","Reality-TV",19
"Kenya","Romance",93
"Kenya","Sci-Fi",35
"Kenya","Sport",6
"Kenya","Thriller",82
"Kenya","War",1
"Kenya","Western",9
"Kuwait","Action",214
"Kuwait","Adventure",132
"Kuwait","Animation",53
"Kuwait","Biography",15
"Kuwait","Comedy",165
"Kuwait","Crime",125
"Kuwait","Documentary",10
"Kuwait","Drama",318
"Kuwait","Family",31
"Kuwait","Fantasy",57
"Kuwait","Game-Show",8
"Kuwait","History",4
"Kuwait","Horror",41
"Kuwait","Music",1
"Kuwait","Musical",2
"Kuwait","Mystery",53
"Kuwait","Reality-TV",10
"Kuwait","Romance",68
"Kuwait","Sci-Fi",27
"Kuwait","Sport",1
"Kuwait","Thriller",89
"Kuwait","War",3
"Kuwait","Western",8
"Latvia","Action",162
"Latvia","Adventure",135
"Latvia","Animation",80
"Latvia","Biography",13
"Latvia","Comedy",234
"Latvia","Crime",122
"Latvia","Documentary",15
"Latvia","Drama",295
"Latvia","Family",28
"Latvia","Fantasy",44
"Latvia","Game-Show",8
"Latvia","History",2
"Latvia","Horror",27
"Latvia","Music",2
"Latvia","Mystery",59
"Latvia","Reality-TV",11
"Latvia","Romance",90
"Latvia","Sci-Fi",53
"Latvia","Sport",8
"Latvia","Thriller",49
"Latvia","War",2
"Latvia","Western",6
"Lebanon","Action",195
"Lebanon","Adventure",104
"Lebanon","Animation",22
"Lebanon","Biography",16
"Lebanon","Comedy",188
"Lebanon","Crime",141
"Lebanon","Documentary",8
"Lebanon","Drama",377
"Lebanon","Family",21
"Lebanon","Fantasy",60
"Lebanon","Game-Show",8
"Lebanon","History",2
"Lebanon","Horror",26
"Lebanon","Music",2
"Lebanon","Musical",2
"Lebanon","Mystery",38
"Lebanon","Reality-TV",10
"Lebanon","Romance",105
"Lebanon","Sci-Fi",26
"Lebanon","Sport",3
"Lebanon","Thriller",76
"Lebanon","War",3
"Lebanon","Western",10
"Lithuania","Action",138
"Lithuania","Adventure",96
"Lithuania","Animation",49
"Lithuania","Biography",15
"Lithuania","Comedy",215
"Lithuania","Crime",128
"Lithuania","Documentary",18
"Lithuania","Drama",296
"Lithuania","Family",26
"Lithuania","Fantasy",49
"Lithuania","Game-Show",9
"Lithuania","History",2
"Lithuania","Horror",30
"Lithuania","Music",4
"Lithuania","Mystery",45
"Lithuania","Reality-TV",10
"Lithuania","Romance",98
"Lithuania","Sci-Fi",37
"Lithuania","Sport",7
"Lithuania","Thriller",51
"Lithuania","War",3
"Lithuania","Western",8
"Luxembourg","Action",172
"Luxembourg","Adventure",129
"Luxembourg","Animation",54
"Luxembourg","Biography",10
"Luxembourg","Comedy",186
"Luxembourg","Crime",142
"Luxembourg","Documentary",17
"Luxembourg","Drama",340
"Luxembourg","Family",39
"Luxembourg","Fantasy",61
"Luxembourg","Game-Show",7
"Luxembourg","History",2
"Luxembourg","Horror",28
"Luxembourg","Music",20
"Luxembourg","Mystery",46
"Luxembourg","Reality-TV",11
"Luxembourg","Romance",95
"Luxembourg","Sci-Fi",23
"Luxembourg","Sport",11
"Luxembourg","Thriller",62
"Luxembourg","War",3
"Luxembourg","Western",10
"Malaysia","Action",216
"Malaysia","Adventure",116
"Malaysia","Animation",38
"Malaysia","Biography",7
"Malaysia","Comedy",193
"Malaysia","Crime",145
"Malaysia","Documentary",5
"Malaysia","Drama",324
"Malaysia","Family",16
"Malaysia","Fantasy",61
"Malaysia","Film-Noir",2
"Malaysia","Game-Show",2
"Malaysia","History",5
"Malaysia","Horror",41
"Malaysia","Music",1
"Malaysia","Musical",2
"Malaysia","Mystery",70
"Malaysia","Reality-TV",3
"Malaysia","Romance",103
"Malaysia","Sci-Fi",37
"Malaysia","Sport",8
"Malaysia","Thriller",90
"Malaysia","War",2
"Malaysia","Western",3
"Maldives","Action",185
"Maldives","Adventure",99
"Maldives","Animation",44
"Maldives","Biography",7
"Maldives","Comedy",185
"Maldives","Crime",146
"Maldives","Documentary",9
"Maldives","Drama",317
"Maldives","Family",20
"Maldives","Fantasy",46
"Maldives","Game-Show",8
"Maldives","Horror",31
"Maldives","Mystery",70
"Maldives","Reality-TV",8
"Maldives","Romance",103
"Maldives","Sci-Fi",30
"Maldives","Sport",2
"Maldives","Thriller",68
"Maldives","War",2
"Maldives","Western",4
"Malta","Action",164
"Malta","Adult",1
"Malta","Adventure",88
"Malta","Animation",24
"Malta","Biography",19
"Malta","Comedy",165
"Malta","Crime",142
"Malta","Documentary",22
"Malta","Drama",339
"Malta","Family",21
"Malta","Fantasy",35
"Malta","Game-Show",7
"Malta","History",5
"Malta","Horror",24
"Malta","Music",16
"Malta","Musical",1
"Malta","Mystery",56
"Malta","Reality-TV",12
"Malta","Romance",95
"Malta","Sci-Fi",38
"Malta","Sport",8
"Malta","Thriller",79
"Malta","War",6
"Malta","Western",5
"Martinique","Action",214
"Martinique","Adventure",122
"Martinique","Animation",49
"Martinique","Biography",4
"Martinique","Comedy",163
"Martinique","Crime",156
"Martinique","Documentary",11
"Martinique","Drama",322
"Martinique","Family",19
"Martinique","Fantasy",51
"Martinique","Game-Show",5
"Martinique","History",2
"Martinique","Horror",29
"Martinique","Music",35
"Martinique","Musical",3
"Martinique","Mystery",41
"Martinique","Reality-TV",10
"Martinique","Romance",74
"Martinique","Sci-Fi",44
"Martinique","Sport",3
"Martinique","Talk-Show",1
"Martinique","Thriller",77
"Martinique","War",2
"Martinique","Western",9
"Mauritius","Action",200
"Mauritius","Adult",4
"Mauritius","Adventure",106
"Mauritius","Animation",37
"Mauritius","Biography",4
"Mauritius","Comedy",196
"Mauritius","Crime",136
"Mauritius","Documentary",8
"Mauritius","Drama",323
"Mauritius","Family",21
"Mauritius","Fantasy",51
"Mauritius","Game-Show",9
"Mauritius","History",1
"Mauritius","Horror",35
"Mauritius","Music",3
"Mauritius","Musical",2
"Mauritius","Mystery",60
"Mauritius","Reality-TV",13
"Mauritius","Romance",98
"Mauritius","Sci-Fi",40
"Mauritius","Sport",4
"Mauritius","Thriller",69
"Mauritius","War",1
"Mauritius","Western",5
"Mexico","Action",117
"Mexico","Adult",1
"Mexico","Adventure",130
"Mexico","Animation",87
"Mexico","Biography",9
"Mexico","Comedy",221
"Mexico","Crime",107
"Mexico","Documentary",10
"Mexico","Drama",326
"Mexico","Family",21
"Mexico","Fantasy",42
"Mexico","History",5
"Mexico","Horror",31
"Mexico","Music",16
"Mexico","Musical",5
"Mexico","Mystery",44
"Mexico","Reality-TV",2
"Mexico","Romance",107
"Mexico","Sci-Fi",19
"Mexico","Sport",3
"Mexico","Thriller",69
"Mexico","War",2
"Mexico","Western",4
"Morocco","Action",242
"Morocco","Adult",1
"Morocco","Adventure",100
"Morocco","Animation",31
"Morocco","Biography",8
"Morocco","Comedy",169
"Morocco","Crime",194
"Morocco","Documentary",15
"Morocco","Drama",365
"Morocco","Family",16
"Morocco","Fantasy",37
"Morocco","Game-Show",5
"Morocco","History",7
"Morocco","Horror",33
"Morocco","Musical",1
"Morocco","Mystery",61
"Morocco","Reality-TV",9
"Morocco","Romance",75
"Morocco","Sci-Fi",28
"Morocco","Sport",4
"Morocco","Thriller",91
"Morocco","War",3
"Morocco","Western",9
"Netherlands","Action",151
"Netherlands","Adventure",123
"Netherlands","Animation",58
"Netherlands","Biography",20
"Netherlands","Comedy",179
"Netherlands","Crime",147
"Netherlands","Documentary",17
"Netherlands","Drama",335
"Netherlands","Family",25
"Netherlands","Fantasy",49
"Netherlands","Game-Show",6
"Netherlands","History",3
"Netherlands","Horror",27
"Netherlands","Musical",3
"Netherlands","Mystery",50
"Netherlands","Reality-TV",14
"Netherlands","Romance",88
"Netherlands","Sci-Fi",32
"Netherlands","Sport",9
"Netherlands","Thriller",69
"Netherlands","War",7
"Netherlands","Western",10
"New Caledonia","Action",259
"New Caledonia","Adventure",159
"New Caledonia","Animation",65
"New Caledonia","Biography",9
"New Caledonia","Comedy",145
"New Caledonia","Crime",155
"New Caledonia","Documentary",10
"New Caledonia","Drama",302
"New Caledonia","Family",25
"New Caledonia","Fantasy",64
"New Caledonia","Game-Show",2
"New Caledonia","History",5
"New Caledonia","Horror",31
"New Caledonia","Music",11
"New Caledonia","Musical",3
"New Caledonia","Mystery",35
"New Caledonia","Reality-TV",6
"New Caledonia","Romance",56
"New Caledonia","Sci-Fi",52
"New Caledonia","Sport",4
"New Caledonia","Thriller",75
"New Caledonia","War",5
"New Caledonia","Western",4
"New Zealand","Action",189
"New Zealand","Adult",3
"New Zealand","Adventure",123
"New Zealand","Animation",69
"New Zealand","Biography",24
"New Zealand","Comedy",170
"New Zealand","Crime",139
"New Zealand","Documentary",26
"New Zealand","Drama",295
"New Zealand","Family",22
"New Zealand","Fantasy",40
"New Zealand","Game-Show",8
"New Zealand","History",4
"New Zealand","Horror",32
"New Zealand","Music",5
"New Zealand","Musical",1
"New Zealand","Mystery",49
"New Zealand","Reality-TV",23
"New Zealand","Romance",62
"New Zealand","Sci-Fi",37
"New Zealand","Sport",10
"New Zealand","Talk-Show",1
"New Zealand","Thriller",71
"New Zealand","War",7
"New Zealand","Western",11
"Nicaragua","Action",131
"Nicaragua","Adult",1
"Nicaragua","Adventure",84
"Nicaragua","Animation",43
"Nicaragua","Biography",4
"Nicaragua","Comedy",192
"Nicaragua","Crime",103
"Nicaragua","Documentary",10
"Nicaragua","Drama",302
"Nicaragua","Family",16
"Nicaragua","Fantasy",37
"Nicaragua","History",2
"Nicaragua","Horror",26
"Nicaragua","Music",29
"Nicaragua","Musical",1
"Nicaragua","Mystery",42
"Nicaragua","Reality-TV",3
"Nicaragua","Romance",121
"Nicaragua","Sci-Fi",14
"Nicaragua","Sport",3
"Nicaragua","Thriller",77
"Nicaragua","War",2
"Nicaragua","Western",7
"Nigeria","Action",173
"Nigeria","Adult",1
"Nigeria","Adventure",63
"Nigeria","Animation",10
"Nigeria","Biography",13
"Nigeria","Comedy",146
"Nigeria","Crime",132
"Nigeria","Documentary",13
"Nigeria","Drama",357
"Nigeria","Family",12
"Nigeria","Fantasy",45
"Nigeria","Game-Show",6
"Nigeria","History",8
"Nigeria","Horror",19
"Nigeria","Music",1
"Nigeria","Musical",1
"Nigeria","Mystery",65
"Nigeria","Reality-TV",6
"Nigeria","Romance",114
"Nigeria","Sci-Fi",40
"Nigeria","Sport",2
"Nigeria","Thriller",60
"Nigeria","War",2
"Nigeria","Western",9
"Norway","Action",179
"Norway","Adult",1
"Norway","Adventure",119
"Norway","Animation",49
"Norway","Biography",20
"Norway","Comedy",171
"Norway","Crime",151
"Norway","Documentary",27
"Norway","Drama",344
"Norway","Family",27
"Norway","Fantasy",54
"Norway","Game-Show",6
"Norway","History",9
"Norway","Horror",25
"Norway","Music",5
"Norway","Musical",1
"Norway","Mystery",47
"Norway","Reality-TV",17
"Norway","Romance",83
"Norway","Sci-Fi",24
"Norway","Sport",10
"Norway","Talk-Show",2
"Norway","Thriller",59
"Norway","War",9
"Norway","Western",14
"Oman","Action",192
"Oman","Adventure",104
"Oman","Animation",20
"Oman","Biography",11
"Oman","Comedy",120
"Oman","Crime",118
"Oman","Documentary",7
"Oman","Drama",272
"Oman","Family",18
"Oman","Fantasy",52
"Oman","Game-Show",4
"Oman","History",2
"Oman","Horror",36
"Oman","Musical",3
"Oman","Mystery",46
"Oman","Reality-TV",4
"Oman","Romance",57
"Oman","Sci-Fi",21
"Oman","Sport",2
"Oman","Thriller",78
"Oman","War",3
"Oman","Western",7
"Pakistan","Action",284
"Pakistan","Adventure",102
"Pakistan","Animation",26
"Pakistan","Biography",4
"Pakistan","Comedy",143
"Pakistan","Crime",222
"Pakistan","Documentary",6
"Pakistan","Drama",367
"Pakistan","Family",16
"Pakistan","Fantasy",42
"Pakistan","Game-Show",4
"Pakistan","Horror",40
"Pakistan","Musical",2
"Pakistan","Mystery",86
"Pakistan","Reality-TV",2
"Pakistan","Romance",65
"Pakistan","Sci-Fi",45
"Pakistan","Sport",3
"Pakistan","Thriller",89
"Pakistan","War",2
"Pakistan","Western",3
"Panama","Action",141
"Panama","Adult",1
"Panama","Adventure",110
"Panama","Animation",63
"Panama","Biography",9
"Panama","Comedy",195
"Panama","Crime",125
"Panama","Documentary",9
"Panama","Drama",317
"Panama","Family",16
"Panama","Fantasy",40
"Panama","Game-Show",3
"Panama","History",3
"Panama","Horror",28
"Panama","Music",20
"Panama","Musical",3
"Panama","Mystery",37
"Panama","Reality-TV",5
"Panama","Romance",119
"Panama","Sci-Fi",14
"Panama","Sport",3
"Panama","Thriller",80
"Panama","War",2
"Panama","Western",6
"Paraguay","Action",133
"Paraguay","Adventure",101
"Paraguay","Animation",54
"Paraguay","Biography",8
"Paraguay","Comedy",202
"Paraguay","Crime",117
"Paraguay","Documentary",12
"Paraguay","Drama",324
"Paraguay","Family",12
"Paraguay","Fantasy",31
"Paraguay","Game-Show",1
"Paraguay","History",3
"Paraguay","Horror",27
"Paraguay","Music",30
"Paraguay","Musical",1
"Paraguay","Mystery",46
"Paraguay","Reality-TV",4
"Paraguay","Romance",122
"Paraguay","Sci-Fi",13
"Paraguay","Sport",5
"Paraguay","Thriller",81
"Paraguay","War",2
"Paraguay","Western",5
"Peru","Action",158
"Peru","Adult",1
"Peru","Adventure",122
"Peru","Animation",67
"Peru","Biography",4
"Peru","Comedy",191
"Peru","Crime",108
"Peru","Documentary",9
"Peru","Drama",285
"Peru","Family",14
"Peru","Fantasy",42
"Peru","History",4
"Peru","Horror",26
"Peru","Music",18
"Peru","Musical",1
"Peru","Mystery",40
"Peru","Reality-TV",3
"Peru","Romance",111
"Peru","Sci-Fi",24
"Peru","Sport",3
"Peru","Thriller",74
"Peru","War",2
"Peru","Western",5
"Philippines","Action",197
"Philippines","Adventure",98
"Philippines","Animation",33
"Philippines","Biography",12
"Philippines","Comedy",141
"Philippines","Crime",109
"Philippines","Documentary",15
"Philippines","Drama",334
"Philippines","Family",33
"Philippines","Fantasy",53
"Philippines","History",9
"Philippines","Horror",42
"Philippines","Music",20
"Philippines","Musical",3
"Philippines","Mystery",60
"Philippines","Reality-TV",1
"Philippines","Romance",104
"Philippines","Sci-Fi",50
"Philippines","Sport",2
"Philippines","Thriller",95
"Philippines","War",3
"Philippines","Western",2
"Poland","Action",144
"Poland","Adventure",168
"Poland","Animation",101
"Poland","Biography",10
"Poland","Comedy",210
"Poland","Crime",126
"Poland","Documentary",12
"Poland","Drama",311
"Poland","Family",23
"Poland","Fantasy",53
"Poland","Game-Show",3
"Poland","History",7
"Poland","Horror",39
"Poland","Music",8
"Poland","Musical",2
"Poland","Mystery",53
"Poland","Reality-TV",5
"Poland","Romance",76
"Poland","Sci-Fi",24
"Poland","Sport",8
"Poland","Talk-Show",2
"Poland","Thriller",69
"Poland","War",4
"Poland","Western",8
"Portugal","Action",161
"Portugal","Adult",2
"Portugal","Adventure",100
"Portugal","Animation",38
"Portugal","Biography",10
"Portugal","Comedy",170
"Portugal","Crime",108
"Portugal","Documentary",12
"Portugal","Drama",316
"Portugal","Family",45
"Portugal","Fantasy",40
"Portugal","Game-Show",9
"Portugal","History",6
"Portugal","Horror",24
"Portugal","Music",53
"Portugal","Musical",22
"Portugal","Mystery",34
"Portugal","Reality-TV",14
"Portugal","Romance",95
"Portugal","Sci-Fi",17
"Portugal","Sport",8
"Portugal","Thriller",70
"Portugal","War",4
"Portugal","Western",12
"Qatar","Action",206
"Qatar","Adventure",123
"Qatar","Animation",29
"Qatar","Biography",18
"Qatar","Comedy",155
"Qatar","Crime",128
"Qatar","Documentary",12
"Qatar","Drama",337
"Qatar","Family",19
"Qatar","Fantasy",59
"Qatar","Game-Show",11
"Qatar","History",7
"Qatar","Horror",32
"Qatar","Music",1
"Qatar","Musical",2
"Qatar","Mystery",48
"Qatar","Reality-TV",14
"Qatar","Romance",105
"Qatar","Sci-Fi",25
"Qatar","Sport",6
"Qatar","Thriller",81
"Qatar","War",3
"Qatar","Western",5
"Réunion","Action",210
"Réunion","Adventure",128
"Réunion","Animation",59
"Réunion","Biography",5
"Réunion","Comedy",172
"Réunion","Crime",138
"Réunion","Documentary",11
"Réunion","Drama",330
"Réunion","Family",28
"Réunion","Fantasy",64
"Réunion","Game-Show",4
"Réunion","History",2
"Réunion","Horror",38
"Réunion","Music",35
"Réunion","Musical",2
"Réunion","Mystery",43
"Réunion","Reality-TV",7
"Réunion","Romance",75
"Réunion","Sci-Fi",51
"Réunion","Sport",5
"Réunion","Thriller",68
"Réunion","War",3
"Réunion","Western",4
"Romania","Action",169
"Romania","Adult",2
"Romania","Adventure",100
"Romania","Animation",25
"Romania","Biography",14
"Romania","Comedy",160
"Romania","Crime",139
"Romania","Documentary",13
"Romania","Drama",357
"Romania","Family",25
"Romania","Fantasy",51
"Romania","Game-Show",10
"Romania","History",7
"Romania","Horror",28
"Romania","Music",2
"Romania","Musical",2
"Romania","Mystery",68
"Romania","Reality-TV",14
"Romania","Romance",104
"Romania","Sci-Fi",23
"Romania","Sport",8
"Romania","Thriller",82
"Romania","War",4
"Romania","Western",8
"Russia","Action",249
"Russia","Adventure",134
"Russia","Animation",59
"Russia","Biography",19
"Russia","Comedy",185
"Russia","Crime",201
"Russia","Documentary",11
"Russia","Drama",343
"Russia","Family",30
"Russia","Fantasy",50
"Russia","Game-Show",2
"Russia","History",6
"Russia","Horror",39
"Russia","Music",2
"Russia","Musical",2
"Russia","Mystery",47
"Russia","Romance",73
"Russia","Sci-Fi",22
"Russia","Sport",6
"Russia","Thriller",66
"Russia","War",2
"Russia","Western",9
"Saudi Arabia","Action",230
"Saudi Arabia","Adventure",99
"Saudi Arabia","Animation",38
"Saudi Arabia","Biography",15
"Saudi Arabia","Comedy",149
"Saudi Arabia","Crime",159
"Saudi Arabia","Documentary",11
"Saudi Arabia","Drama",336
"Saudi Arabia","Family",22
"Saudi Arabia","Fantasy",48
"Saudi Arabia","Game-Show",4
"Saudi Arabia","History",2
"Saudi Arabia","Horror",43
"Saudi Arabia","Musical",2
"Saudi Arabia","Mystery",53
"Saudi Arabia","Reality-TV",7
"Saudi Arabia","Romance",74
"Saudi Arabia","Sci-Fi",28
"Saudi Arabia","Sport",3
"Saudi Arabia","Thriller",90
"Saudi Arabia","War",3
"Saudi Arabia","Western",11
"Serbia","Action",204
"Serbia","Adventure",114
"Serbia","Animation",38
"Serbia","Biography",14
"Serbia","Comedy",184
"Serbia","Crime",148
"Serbia","Documentary",15
"Serbia","Drama",322
"Serbia","Family",24
"Serbia","Fantasy",44
"Serbia","Game-Show",7
"Serbia","History",4
"Serbia","Horror",29
"Serbia","Music",4
"Serbia","Musical",2
"Serbia","Mystery",44
"Serbia","Reality-TV",10
"Serbia","Romance",98
"Serbia","Sci-Fi",22
"Serbia","Sport",8
"Serbia","Thriller",77
"Serbia","War",3
"Serbia","Western",10
"Singapore","Action",213
"Singapore","Adventure",107
"Singapore","Animation",25
"Singapore","Biography",9
"Singapore","Comedy",157
"Singapore","Crime",117
"Singapore","Documentary",14
"Singapore","Drama",330
"Singapore","Family",13
"Singapore","Fantasy",53
"Singapore","Game-Show",6
"Singapore","History",5
"Singapore","Horror",38
"Singapore","Music",1
"Singapore","Musical",1
"Singapore","Mystery",74
"Singapore","Reality-TV",17
"Singapore","Romance",92
"Singapore","Sci-Fi",51
"Singapore","Sport",9
"Singapore","Thriller",90
"Singapore","War",3
"Singapore","Western",3
"Slovakia","Action",184
"Slovakia","Adventure",135
"Slovakia","Animation",72
"Slovakia","Biography",22
"Slovakia","Comedy",194
"Slovakia","Crime",133
"Slovakia","Documentary",33
"Slovakia","Drama",308
"Slovakia","Family",33
"Slovakia","Fantasy",47
"Slovakia","Game-Show",12
"Slovakia","History",5
"Slovakia","Horror",35
"Slovakia","Music",6
"Slovakia","Musical",1
"Slovakia","Mystery",43
"Slovakia","Reality-TV",16
"Slovakia","Romance",86
"Slovakia","Sci-Fi",10
"Slovakia","Sport",11
"Slovakia","Thriller",53
"Slovakia","War",3
"Slovakia","Western",11
"Slovenia","Action",179
"Slovenia","Adventure",115
"Slovenia","Animation",42
"Slovenia","Biography",15
"Slovenia","Comedy",190
"Slovenia","Crime",110
"Slovenia","Documentary",19
"Slovenia","Drama",279
"Slovenia","Family",30
"Slovenia","Fantasy",48
"Slovenia","Game-Show",11
"Slovenia","History",4
"Slovenia","Horror",30
"Slovenia","Music",4
"Slovenia","Mystery",38
"Slovenia","Reality-TV",15
"Slovenia","Romance",84
"Slovenia","Sci-Fi",28
"Slovenia","Sport",10
"Slovenia","Thriller",54
"Slovenia","War",3
"Slovenia","Western",12
"South Africa","Action",175
"South Africa","Adult",2
"South Africa","Adventure",100
"South Africa","Animation",45
"South Africa","Biography",11
"South Africa","Comedy",193
"South Africa","Crime",110
"South Africa","Documentary",21
"South Africa","Drama",329
"South Africa","Family",21
"South Africa","Fantasy",44
"South Africa","Game-Show",11
"South Africa","History",3
"South Africa","Horror",26
"South Africa","Music",3
"South Africa","Musical",1
"South Africa","Mystery",60
"South Africa","Reality-TV",20
"South Africa","Romance",93
"South Africa","Sci-Fi",51
"South Africa","Sport",8
"South Africa","Talk-Show",2
"South Africa","Thriller",62
"South Africa","War",5
"South Africa","Western",8
"South Korea","Action",181
"South Korea","Adventure",76
"South Korea","Animation",18
"South Korea","Biography",5
"South Korea","Comedy",149
"South Korea","Crime",89
"South Korea","Documentary",2
"South Korea","Drama",320
"South Korea","Family",10
"South Korea","Fantasy",59
"South Korea","History",6
"South Korea","Horror",49
"South Korea","Music",3
"South Korea","Mystery",41
"South Korea","Reality-TV",5
"South Korea","Romance",111
"South Korea","Sci-Fi",36
"South Korea","Sport",8
"South Korea","Talk-Show",2
"South Korea","Thriller",95
"South Korea","War",4
"South Korea","Western",4
"Spain","Action",170
"Spain","Adult",2
"Spain","Adventure",105
"Spain","Animation",31
"Spain","Biography",7
"Spain","Comedy",176
"Spain","Crime",130
"Spain","Documentary",12
"Spain","Drama",322
"Spain","Family",24
"Spain","Fantasy",43
"Spain","Game-Show",4
"Spain","History",4
"Spain","Horror",33
"Spain","Music",21
"Spain","Mystery",46
"Spain","Reality-TV",10
"Spain","Romance",123
"Spain","Sci-Fi",25
"Spain","Short",1
"Spain","Sport",8
"Spain","Thriller",63
"Spain","War",3
"Spain","Western",11
"Sri Lanka","Action",185
"Sri Lanka","Adventure",82
"Sri Lanka","Animation",20
"Sri Lanka","Biography",8
"Sri Lanka","Comedy",173
"Sri Lanka","Crime",138
"Sri Lanka","Documentary",11
"Sri Lanka","Drama",364
"Sri Lanka","Family",24
"Sri Lanka","Fantasy",43
"Sri Lanka","Game-Show",7
"Sri Lanka","History",1
"Sri Lanka","Horror",26
"Sri Lanka","Mystery",76
"Sri Lanka","Reality-TV",6
"Sri Lanka","Romance",112
"Sri Lanka","Sci-Fi",41
"Sri Lanka","Sport",4
"Sri Lanka","Thriller",68
"Sri Lanka","War",4
"Sri Lanka","Western",3
"Sweden","Action",184
"Sweden","Adult",1
"Sweden","Adventure",130
"Sweden","Animation",58
"Sweden","Biography",17
"Sweden","Comedy",168
"Sweden","Crime",143
"Sweden","Documentary",20
"Sweden","Drama",339
"Sweden","Family",24
"Sweden","Fantasy",57
"Sweden","Game-Show",6
"Sweden","History",7
"Sweden","Horror",27
"Sweden","Music",6
"Sweden","Mystery",53
"Sweden","Reality-TV",14
"Sweden","Romance",81
"Sweden","Sci-Fi",29
"Sweden","Sport",9
"Sweden","Talk-Show",1
"Sweden","Thriller",60
"Sweden","War",10
"Sweden","Western",10
"Switzerland","Action",186
"Switzerland","Adult",3
"Switzerland","Adventure",130
"Switzerland","Animation",34
"Switzerland","Biography",13
"Switzerland","Comedy",186
"Switzerland","Crime",164
"Switzerland","Documentary",19
"Switzerland","Drama",329
"Switzerland","Family",44
"Switzerland","Fantasy",65
"Switzerland","Game-Show",6
"Switzerland","History",3
"Switzerland","Horror",31
"Switzerland","Music",7
"Switzerland","Musical",1
"Switzerland","Mystery",54
"Switzerland","Reality-TV",10
"Switzerland","Romance",90
"Switzerland","Sci-Fi",35
"Switzerland","Sport",12
"Switzerland","Thriller",66
"Switzerland","War",4
"Switzerland","Western",13
"Taiwan","Action",197
"Taiwan","Adventure",97
"Taiwan","Animation",29
"Taiwan","Biography",16
"Taiwan","Comedy",158
"Taiwan","Crime",107
"Taiwan","Documentary",13
"Taiwan","Drama",368
"Taiwan","Family",13
"Taiwan","Fantasy",62
"Taiwan","Game-Show",1
"Taiwan","History",6
"Taiwan","Horror",32
"Taiwan","Music",3
"Taiwan","Mystery",81
"Taiwan","Reality-TV",1
"Taiwan","Romance",152
"Taiwan","Sci-Fi",40
"Taiwan","Sport",11
"Taiwan","Thriller",67
"Taiwan","War",4
"Taiwan","Western",3
"Thailand","Action",211
"Thailand","Adventure",155
"Thailand","Animation",47
"Thailand","Biography",7
"Thailand","Comedy",201
"Thailand","Crime",109
"Thailand","Documentary",6
"Thailand","Drama",277
"Thailand","Family",18
"Thailand","Fantasy",68
"Thailand","History",15
"Thailand","Horror",44
"Thailand","Music",1
"Thailand","Musical",1
"Thailand","Mystery",58
"Thailand","Romance",133
"Thailand","Sci-Fi",47
"Thailand","Sport",4
"Thailand","Thriller",81
"Thailand","War",5
"Thailand","Western",3
"Trinidad and Tobago","Action",191
"Trinidad and Tobago","Adventure",114
"Trinidad and Tobago","Animation",58
"Trinidad and Tobago","Biography",7
"Trinidad and Tobago","Comedy",173
"Trinidad and Tobago","Crime",149
"Trinidad and Tobago","Documentary",8
"Trinidad and Tobago","Drama",304
"Trinidad and Tobago","Family",24
"Trinidad and Tobago","Fantasy",49
"Trinidad and Tobago","Game-Show",8
"Trinidad and Tobago","Horror",28
"Trinidad and Tobago","Music",5
"Trinidad and Tobago","Musical",1
"Trinidad and Tobago","Mystery",42
"Trinidad and Tobago","Reality-TV",10
"Trinidad and Tobago","Romance",82
"Trinidad and Tobago","Sci-Fi",23
"Trinidad and Tobago","Sport",3
"Trinidad and Tobago","Talk-Show",1
"Trinidad and Tobago","Thriller",99
"Trinidad and Tobago","War",4
"Trinidad and Tobago","Western",8
"Turkey","Action",207
"Turkey","Adventure",110
"Turkey","Animation",26
"Turkey","Biography",15
"Turkey","Comedy",152
"Turkey","Crime",145
"Turkey","Documentary",13
"Turkey","Drama",366
"Turkey","Family",26
"Turkey","Fantasy",79
"Turkey","Game-Show",3
"Turkey","History",7
"Turkey","Horror",43
"Turkey","Music",1
"Turkey","Musical",4
"Turkey","Mystery",62
"Turkey","Reality-TV",5
"Turkey","Romance",107
"Turkey","Sci-Fi",36
"Turkey","Sport",4
"Turkey","Thriller",83
"Turkey","War",4
"Turkey","Western",8
"Ukraine","Action",220
"Ukraine","Adventure",141
"Ukraine","Animation",67
"Ukraine","Biography",18
"Ukraine","Comedy",195
"Ukraine","Crime",165
"Ukraine","Documentary",15
"Ukraine","Drama",334
"Ukraine","Family",34
"Ukraine","Fantasy",44
"Ukraine","Game-Show",3
"Ukraine","History",7
"Ukraine","Horror",35
"Ukraine","Music",3
"Ukraine","Mystery",43
"Ukraine","Reality-TV",2
"Ukraine","Romance",79
"Ukraine","Sci-Fi",24
"Ukraine","Sport",6
"Ukraine","Thriller",69
"Ukraine","War",2
"Ukraine","Western",13
"United Arab Emirates","Action",202
"United Arab Emirates","Adventure",124
"United Arab Emirates","Animation",35
"United Arab Emirates","Biography",21
"United Arab Emirates","Comedy",168
"United Arab Emirates","Crime",134
"United Arab Emirates","Documentary",14
"United Arab Emirates","Drama",343
"United Arab Emirates","Family",18
"United Arab Emirates","Fantasy",59
"United Arab Emirates","Game-Show",11
"United Arab Emirates","History",5
"United Arab Emirates","Horror",31
"United Arab Emirates","Music",1
"United Arab Emirates","Musical",1
"United Arab Emirates","Mystery",46
"United Arab Emirates","Reality-TV",16
"United Arab Emirates","Romance",106
"United Arab Emirates","Sci-Fi",25
"United Arab Emirates","Sport",5
"United Arab Emirates","Thriller",75
"United Arab Emirates","War",3
"United Arab Emirates","Western",5
"United Kingdom","Action",169
"United Kingdom","Adult",2
"United Kingdom","Adventure",144
"United Kingdom","Animation",59
"United Kingdom","Biography",18
"United Kingdom","Comedy",216
"United Kingdom","Crime",108
"United Kingdom","Documentary",28
"United Kingdom","Drama",285
"United Kingdom","Family",31
"United Kingdom","Fantasy",48
"United Kingdom","Game-Show",6
"United Kingdom","History",3
"United Kingdom","Horror",34
"United Kingdom","Music",3
"United Kingdom","Musical",2
"United Kingdom","Mystery",40
"United Kingdom","Reality-TV",16
"United Kingdom","Romance",78
"United Kingdom","Sci-Fi",35
"United Kingdom","Sport",9
"United Kingdom","Talk-Show",2
"United Kingdom","Thriller",62
"United Kingdom","War",6
"United Kingdom","Western",11
"United States","Action",149
"United States","Adventure",113
"United States","Animation",51
"United States","Biography",9
"United States","Comedy",166
"United States","Crime",105
"United States","Documentary",22
"United States","Drama",281
"United States","Family",35
"United States","Fantasy",39
"United States","Game-Show",7
"United States","History",1
"United States","Horror",35
"United States","Music",11
"United States","Mystery",55
"United States","Reality-TV",18
"United States","Romance",62
"United States","Sci-Fi",30
"United States","Sport",24
"United States","Talk-Show",2
"United States","Thriller",57
"United States","War",6
"United States","Western",8
"Uruguay","Action",131
"Uruguay","Adventure",105
"Uruguay","Animation",49
"Uruguay","Biography",15
"Uruguay","Comedy",171
"Uruguay","Crime",153
"Uruguay","Documentary",14
"Uruguay","Drama",368
"Uruguay","Family",15
"Uruguay","Fantasy",33
"Uruguay","Game-Show",1
"Uruguay","History",6
"Uruguay","Horror",34
"Uruguay","Music",35
"Uruguay","Musical",2
"Uruguay","Mystery",55
"Uruguay","Reality-TV",3
"Uruguay","Romance",87
"Uruguay","Sci-Fi",12
"Uruguay","Sport",6
"Uruguay","Thriller",90
"Uruguay","War",3
"Uruguay","Western",6
"Venezuela","Action",131
"Venezuela","Adventure",81
"Venezuela","Animation",39
"Venezuela","Biography",9
"Venezuela","Comedy",180
"Venezuela","Crime",121
"Venezuela","Documentary",11
"Venezuela","Drama",316
"Venezuela","Family",17
"Venezuela","Fantasy",32
"Venezuela","History",2
"Venezuela","Horror",29
"Venezuela","Music",26
"Venezuela","Musical",1
"Venezuela","Mystery",41
"Venezuela","Reality-TV",3
"Venezuela","Romance",121
"Venezuela","Sci-Fi",10
"Venezuela","Sport",7
"Venezuela","Thriller",89
"Venezuela","War",3
"Venezuela","Western",7
"Vietnam","Action",240
"Vietnam","Adventure",141
"Vietnam","Animation",18
"Vietnam","Biography",6
"Vietnam","Comedy",238
"Vietnam","Crime",125
"Vietnam","Documentary",6
"Vietnam","Drama",351
"Vietnam","Family",32
"Vietnam","Fantasy",72
"Vietnam","Film-Noir",1
"Vietnam","Game-Show",1
"Vietnam","History",15
"Vietnam","Horror",37
"Vietnam","Music",3
"Vietnam","Musical",2
"Vietnam","Mystery",62
"Vietnam","Reality-TV",1
"Vietnam","Romance",122
"Vietnam","Sci-Fi",49
"Vietnam","Thriller",92
"Vietnam","War",5
"Vietnam","Western",3
